{ "contents": [
  {
    "category": "Furniture",    
    "monthlySales":
    [
	  {
        "month":20130101,
        "sales":128189
      },
	    {
        "month":20130101,
        "sales":128181
      },
	    {
        "month":20131101,
        "sales":228189
      },
	    {
        "month":20130101,
        "sales":328189
      },
	    {
        "month":20130121,
        "sales":128539
      },
	    {
        "month":40130101,
        "sales":528189
      },
	    {
        "month":61130101,
        "sales":135189
      },
	    {
        "month":24130101,
        "sales":118189
      },
	    {
        "month":13130101,
        "sales":318189
      },
      {
        "month":20130101,
        "sales":328189
      },
      {
        "month":20130201,
        "sales":122365
      },
      {
        "month":20130301,
        "sales":86745
      },
      {
        "month":20130401,
        "sales":59881
      },
      {
        "month":20130501,
        "sales":110569
      },
      {
        "month":20130601,
        "sales":74995
      },
      {
        "month":20130701,
        "sales":73427
      },
      {
        "month":20130801,
        "sales":95211
      },
      {
        "month":20130901,
        "sales":118333
      },
      {
        "month":20131001,
        "sales":108964
      },
      {
        "month":20131101,
        "sales":61813
      },
      {
        "month":20131201,
        "sales":143101
      }
    ]
  },
  {
    "category": "Technology",
    "monthlySales":

[
  {
    "month":20130101,
    "sales":118038
  },
    {
    "month":80130101,
    "sales":418038
  },
    {
    "month":90130101,
    "sales":818038
  },
    {
    "month":40130101,
    "sales":218038
  },
    {
    "month":90130101,
    "sales":708038
  },
    {
    "month":61940101,
    "sales":118038
  },
    {
    "month":60930101,
    "sales":618038
  },
  {
    "month":27130201,
    "sales":111905
  },
  {
    "month":60130301,
    "sales":156445
  },
  {
    "month":50130401,
    "sales":120369
  },
  {
    "month":50130501,
    "sales":187563
  },
  {
    "month":10130601,
    "sales":89270
  },
  {
    "month":20130701,
    "sales":85004
  },
  {
    "month":20130801,
    "sales":140089
  }
  ,
  {
    "month":20130901,
    "sales":134563
  },
  {
    "month":20130902,
    "sales":134533
  },
  {
    "month":90120901,
    "sales":134163
  },
  
  {
    "month":90131001,
    "sales":132433
  },
  {
    "month":20131101,
    "sales":114432
  },
  {
    "month":20131201,
    "sales":128363
  }
]
  },
  {
    "category": "Office Supplies",
    "monthlySales" :
    [
    {
      "month":20130101,
      "sales":94400
    },
    {
      "month":20130201,
      "sales":41863
    },
    {
      "month":20130301,
      "sales":105018
    },
    {
      "month":20130401,
      "sales":87775
    },
    {
      "month":20130501,
      "sales":86456
    },
    {
      "month":20130601,
      "sales":112316
    },
    {
      "month":20130701,
      "sales":84378
    },
    {
      "month":20130801,
      "sales":67445
    },
    {
      "month":20130901,
      "sales":65376
    },
    {
      "month":20131001,
      "sales":109849
    },
    {
      "month":20131101,
      "sales":79775
    },
    {
      "month":20131201,
      "sales":83246
    }
	,
    {
      "month":20185201,
      "sales":83286
    },
	
    {
      "month":70131201,
      "sales":23349
    },
    {
      "month":60131201,
      "sales":33349
    },
    {
      "month":20131201,
      "sales":83349
    },
    {
      "month":23131201,
      "sales":73241
    },
    {
      "month":27131201,
      "sales":33349
    },
	
    {
      "month":21131201,
      "sales":13349
    },
	
    {
      "month":27131201,
      "sales":32349
    },
	  {
    "month":70130101,
    "sales":818038
  },
    {
    "month":30130101,
    "sales":918038
  }
    {
    "month":50130101,
    "sales":218038
  },
    {
    "month":60130101,
    "sales":718038
  },
  {
    "month":80130101,
    "sales":318038
  },
    {
    "month":57130101,
    "sales":168038
  },
    {
    "month":98130101,
    "sales":618038
  },
    {
    "month":21430101,
    "sales":618038
  },
    {
    "month":73130101,
    "sales":218038
  }
  ,
    {
    "month":12130101,
    "sales":158038
  }
  ,
    {
    "month":63130101,
    "sales":948038
  }
  ,
    {
    "month":93130101,
    "sales":518038
  }
  ,
    {
    "month":73130101,
    "sales":218038
  }
  
  ,
    {
    "month":33130101,
    "sales":918038
  }
  ,
    {
    "month":94130101,
    "sales":818038
  }
  ,
    {
    "month":53130101,
    "sales":718038
  }
  ,
    {
    "month":93130101,
    "sales":118038
  }
  ,
    {
    "month":74130101,
    "sales":658038
  }
  ,
    {
    "month":10130101,
    "sales":108038
  }
  ,
    {
    "month":43130101,
    "sales":818039
  }
  ,
    {
    "month":63130102,
    "sales":718033
  }
  ,
    {
    "month":73130101,
    "sales":418036
  }
  
  ,
    {
    "month":303130101,
    "sales":918038
  }
  
  ,
    {
    "month":331130101,
    "sales":138038
  }
  
  ,
    {
    "month":303130101,
    "sales":918038
  }
  
  ,
    {
    "month":93130101,
    "sales":318038
  }
  ,
    {
    "month":11130101,
    "sales":328038
  }
  ,
    {
    "month":98130101,
    "sales":768038
  }
  ,
    {
    "month":13130101,
    "sales":318038
  }
  
 
  ]
}
]}